<?xml version="1.0" encoding="UTF-8"?>
<item><pubDate>Wed, 12 Apr 2017 20:49:37 +0500</pubDate><title><![CDATA[Строительство домов и бань]]></title><url><![CDATA[building]]></url><meta><![CDATA[]]></meta><metad><![CDATA[]]></metad><menu><![CDATA[]]></menu><menuOrder><![CDATA[0]]></menuOrder><menuStatus><![CDATA[]]></menuStatus><template><![CDATA[template.php]]></template><parent><![CDATA[services]]></parent><content><![CDATA[]]></content><private><![CDATA[]]></private><author><![CDATA[sponom]]></author></item>
