<?xml version="1.0" encoding="UTF-8"?>
<item><pubDate>Wed, 12 Apr 2017 19:16:38 +0500</pubDate><title><![CDATA[Контакты]]></title><url><![CDATA[contacts]]></url><meta><![CDATA[]]></meta><metad><![CDATA[]]></metad><menu><![CDATA[Контакты]]></menu><menuOrder><![CDATA[5]]></menuOrder><menuStatus><![CDATA[Y]]></menuStatus><template><![CDATA[template.php]]></template><parent><![CDATA[index]]></parent><content><![CDATA[]]></content><private><![CDATA[]]></private><author><![CDATA[sponom]]></author></item>
