<?xml version="1.0" encoding="UTF-8"?>
<item><pubDate>Wed, 12 Apr 2017 19:17:37 +0500</pubDate><title><![CDATA[Полезные статьи]]></title><url><![CDATA[good-info]]></url><meta><![CDATA[]]></meta><metad><![CDATA[]]></metad><menu><![CDATA[Полезное]]></menu><menuOrder><![CDATA[3]]></menuOrder><menuStatus><![CDATA[Y]]></menuStatus><template><![CDATA[template.php]]></template><parent><![CDATA[index]]></parent><content><![CDATA[]]></content><private><![CDATA[]]></private><author><![CDATA[sponom]]></author></item>
