<?xml version="1.0" encoding="UTF-8"?>
<item><pubDate>Sat, 08 Apr 2017 21:46:33 +0500</pubDate><title><![CDATA[Главная]]></title><url><![CDATA[index]]></url><meta><![CDATA[]]></meta><metad><![CDATA[]]></metad><menu><![CDATA[Home]]></menu><menuOrder><![CDATA[1]]></menuOrder><menuStatus><![CDATA[]]></menuStatus><template><![CDATA[template.php]]></template><parent><![CDATA[]]></parent><content><![CDATA[{% slider %}]]></content><private><![CDATA[]]></private><author><![CDATA[sponom]]></author></item>
