<?xml version="1.0" encoding="UTF-8"?>
<item><pubDate>Wed, 12 Apr 2017 19:17:11 +0500</pubDate><title><![CDATA[Новости]]></title><url><![CDATA[news]]></url><meta><![CDATA[]]></meta><metad><![CDATA[]]></metad><menu><![CDATA[Новости]]></menu><menuOrder><![CDATA[4]]></menuOrder><menuStatus><![CDATA[Y]]></menuStatus><template><![CDATA[template.php]]></template><parent><![CDATA[index]]></parent><content><![CDATA[]]></content><private><![CDATA[]]></private><author><![CDATA[sponom]]></author></item>
