<?xml version="1.0" encoding="UTF-8"?>
<channel><item><title><![CDATA[breadcrumbs]]></title><slug>breadcrumbs</slug><value><![CDATA[&lt;section class=&quot;head-container&quot;&gt;
      &lt;div class=&quot;row flexible&quot;&gt;
        &lt;h2 class=&quot;head-container_heading&quot;&gt;&lt;?php get_page_clean_title(); ?&gt;&lt;/h2&gt;
        &lt;div class=&quot;head-container_bread-crmb&quot;&gt;
        &lt;?php parent_link(get_parent(FALSE)); ?&gt; &lt;span class=&quot;head-container_current-page&quot;&gt;&lt;?php get_page_clean_title(); ?&gt;&lt;/span&gt;
          
        &lt;/div&gt;
      &lt;/div&gt;

    &lt;/section&gt;]]></value></item><item><title><![CDATA[feed-form]]></title><slug>feed-form</slug><value><![CDATA[&lt;form action=&quot;&lt;?php get_theme_url(); ?&gt;/send.php&quot; id=&quot;form-feed&quot; class=&quot;contacts_feed-form&quot;&gt;
          &lt;h4 class=&quot;contacts_form-heading&quot;&gt;Написать нам&lt;/h4&gt;
          &lt;input name=&quot;NAME&quot; type=&quot;text&quot; class=&quot;contacts_input&quot; placeholder=&quot;Ваше имя&quot;&gt;
          &lt;input name=&quot;PHONE&quot; type=&quot;text&quot; class=&quot;contacts_input is-phone&quot; placeholder=&quot;Ваш телефон&quot;&gt;
          &lt;input name=&quot;EMAIL&quot; type=&quot;email&quot; class=&quot;contacts_input&quot; placeholder=&quot;Ваш E-mail&quot;&gt;
          &lt;textarea name=&quot;MESSAGE&quot; rows=&quot;0&quot; class=&quot;contacts_message&quot; placeholder=&quot;Ваше сообщение&quot; &gt;&lt;/textarea&gt;
          &lt;input type=&quot;submit&quot; class=&quot;contacts_submit&quot; value=&quot;Отправить&quot;&gt;
        &lt;/form&gt;]]></value></item><item><title><![CDATA[index-about]]></title><slug>index-about</slug><value><![CDATA[&lt;section class=&quot;index-about&quot;&gt;
    &lt;div class=&quot;row&quot;&gt;
      &lt;h2 class=&quot;index-about_heading&quot;&gt;О нас&lt;/h2&gt;
      &lt;p class=&quot;index-about_description&quot;&gt;Lorem ipsum dolor sit amet, consectetur adipisicing elit. Dolores nesciunt, qui tenetur sunt. Accusamus rerum debitis provident labore, non culpa libero reiciendis, sunt perferendis magnam.&lt;/p&gt;
    &lt;/div&gt;
    &lt;div class=&quot;row flexible&quot;&gt;
      &lt;img src=&quot;&lt;?php get_theme_url(); ?&gt;/img/index-about.jpg&quot; alt=&quot;О нас&quot; class=&quot;index-about_img&quot;&gt;
      &lt;ul class=&quot;index-about_list&quot;&gt;
        &lt;li class=&quot;index-about_item&quot;&gt;
          &lt;span class=&quot;index-about_icon1&quot;&gt;&lt;/span&gt;
          &lt;div class=&quot;index-about_text&quot;&gt;
            &lt;h4 class=&quot;index-about_subheading&quot;&gt;Огромный опыт&lt;/h4&gt;
            &lt;p class=&quot;index-about_subdescr&quot;&gt;Lorem ipsum dolor sit amet, consectetur adipisicing elit. Repudiandae quia, inventore nulla ratione! Beatae iure, molestiae nesciunt, soluta laudantium incidunt.&lt;/p&gt;
          &lt;/div&gt;
        &lt;/li&gt;
        &lt;li class=&quot;index-about_item&quot;&gt;
          &lt;span class=&quot;index-about_icon2&quot;&gt;&lt;/span&gt;
          &lt;div class=&quot;index-about_text&quot;&gt;
            &lt;h4 class=&quot;index-about_subheading&quot;&gt;Лучшие материалы&lt;/h4&gt;
            &lt;p class=&quot;index-about_subdescr&quot;&gt;Lorem ipsum dolor sit amet, consectetur adipisicing elit. Doloribus dolorem dicta debitis, nihil reprehenderit ullam quae, beatae suscipit reiciendis sed.&lt;/p&gt;
          &lt;/div&gt;
        &lt;/li&gt;
        &lt;li class=&quot;index-about_item&quot;&gt;
          &lt;span class=&quot;index-about_icon3&quot;&gt;&lt;/span&gt;
          &lt;div class=&quot;index-about_text&quot;&gt;
            &lt;h4 class=&quot;index-about_subheading&quot;&gt;Профессиональные стандарты&lt;/h4&gt;
            &lt;p class=&quot;index-about_subdescr&quot;&gt;Lorem ipsum dolor sit amet, consectetur adipisicing elit. Aperiam ipsum quos iure doloremque cum voluptatum provident rerum ad perspiciatis facilis.&lt;/p&gt;
          &lt;/div&gt;
        &lt;/li&gt;
      &lt;/ul&gt;
    &lt;/div&gt;
  &lt;/section&gt;]]></value></item><item><title><![CDATA[index-serv]]></title><slug>index-serv</slug><value><![CDATA[&lt;section class=&quot;index-services&quot;&gt;
    &lt;div class=&quot;row&quot;&gt;
      &lt;h2 class=&quot;index-services_heading&quot;&gt;Наши услуги&lt;/h2&gt;
      &lt;p class=&quot;index-services_description&quot;&gt;Lorem ipsum dolor sit amet, consectetur adipisicing elit. Dolores nesciunt, qui tenetur sunt. Accusamus rerum debitis provident labore, non culpa libero reiciendis, sunt perferendis magnam. Eum nesciunt distinctio deserunt vero! Lorem ipsum dolor sit amet, consectetur adipisicing elit. Ea asperiores voluptates, laborum quos quam id magnam molestiae consectetur eveniet commodi!&lt;/p&gt;
    &lt;/div&gt;
    &lt;div class=&quot;row&quot;&gt;
      &lt;ul class=&quot;index-services_list&quot;&gt;
        &lt;li class=&quot;index-services_item&quot;&gt;
          &lt;a class=&quot;index-services_img&quot; href=&quot;#&quot; title=&quot;Строительство домов и бань&quot;&gt;&lt;img src=&quot;&lt;?php get_theme_url(); ?&gt;/img/index-serv.jpg&quot; alt=&quot;Строительство домов и бань&quot;&gt;&lt;/a&gt;
          &lt;h4 class=&quot;index-services_subheading&quot;&gt;&lt;a href=&quot;#&quot; title=&quot;Строительство домов и бань&quot;&gt;Строительство домов и бань&lt;/a&gt;&lt;/h4&gt;
          &lt;p class=&quot;index-services_subdescription&quot;&gt;Lorem ipsum dolor sit amet, consectetur adipisicing elit. Modi, quod. Lorem ipsum dolor sit amet, consectetur adipisicing elit. Enim porro quasi laborum !&lt;/p&gt;&lt;/li&gt;
        &lt;li class=&quot;index-services_item&quot;&gt;
          &lt;a class=&quot;index-services_img&quot; href=&quot;#&quot; title=&quot;Пластиковые окна и двери&quot;&gt;&lt;img src=&quot;&lt;?php get_theme_url(); ?&gt;/img/index-serv.jpg&quot; alt=&quot;Пластиковые окна и двери&quot;&gt;&lt;/a&gt;
          &lt;h4 class=&quot;index-services_subheading&quot;&gt;&lt;a href=&quot;#&quot; title=&quot;Пластиковые окна и двери&quot;&gt;Пластиковые окна и двери&lt;/a&gt;&lt;/h4&gt;
          &lt;p class=&quot;index-services_subdescription&quot;&gt;Lorem ipsum dolor sit amet, consectetur adipisicing elit. Modi nobis velit odit commodi, illo deleniti!&lt;/p&gt;&lt;/li&gt;
        &lt;li class=&quot;index-services_item&quot;&gt;
          &lt;a class=&quot;index-services_img&quot; href=&quot;#&quot; title=&quot;Заборы и ограждения&quot;&gt;&lt;img src=&quot;&lt;?php get_theme_url(); ?&gt;/img/index-serv.jpg&quot; alt=&quot;Заборы и ограждения&quot;&gt;&lt;/a&gt;
          &lt;h4 class=&quot;index-services_subheading&quot;&gt;&lt;a href=&quot;#&quot; title=&quot;Заборы и ограждения&quot;&gt;Заборы и ограждения&lt;/a&gt;&lt;/h4&gt;
          &lt;p class=&quot;index-services_subdescription&quot;&gt;Lorem ipsum dolor sit amet, consectetur adipisicing elit. Voluptate sunt omnis nobis sed esse voluptatem culpa aliquid quas soluta officia.&lt;/p&gt;&lt;/li&gt;
        &lt;li class=&quot;index-services_item&quot;&gt;
          &lt;a class=&quot;index-services_img&quot; href=&quot;#&quot; title=&quot;Заборы и ограждения&quot;&gt;&lt;img src=&quot;&lt;?php get_theme_url(); ?&gt;/img/index-serv.jpg&quot; alt=&quot;Заборы и ограждения&quot;&gt;&lt;/a&gt;
          &lt;h4 class=&quot;index-services_subheading&quot;&gt;&lt;a href=&quot;#&quot; title=&quot;Заборы и ограждения&quot;&gt;Натяжные потолки&lt;/a&gt;&lt;/h4&gt;
          &lt;p class=&quot;index-services_subdescription&quot;&gt;Lorem ipsum dolor sit amet, consectetur adipisicing elit. Voluptate sunt omnis nobis sed esse voluptatem culpa aliquid quas soluta officia.&lt;/p&gt;&lt;/li&gt;
      &lt;/ul&gt;
      &lt;a href=&quot;#&quot; class=&quot;index-services_more-btn&quot;&gt;Показать все услуги&lt;/a&gt;
    &lt;/div&gt;

  &lt;/section&gt;]]></value></item><item><title><![CDATA[index-why]]></title><slug>index-why</slug><value><![CDATA[&lt;section class=&quot;why-we&quot;&gt;
      &lt;div class=&quot;row&quot;&gt;
      &lt;h2 class=&quot;why-we_heading&quot;&gt;Почему выбирают нас&lt;/h2&gt;
      &lt;p class=&quot;why-we_description&quot;&gt;Lorem ipsum dolor sit amet, consectetur adipisicing elit. Dolores nesciunt, qui tenetur sunt. Accusamus rerum debitis provident labore, non culpa libero reiciendis, sunt perferendis magnam.&lt;/p&gt;
    &lt;/div&gt;
    &lt;div class=&quot;row flexible&quot;&gt;
    &lt;ul class=&quot;why-we_list&quot;&gt;
      &lt;li class=&quot;why-we_item&quot;&gt;
        &lt;i class=&quot;fa fa-home&quot; aria-hidden=&quot;true&quot;&gt;&lt;/i&gt;
        &lt;div class=&quot;ornament&quot;&gt;&lt;/div&gt;
        &lt;h4 class=&quot;why-we_subheading&quot;&gt;БОЛЕЕ 15 ЛЕТ ОПЫТА&lt;/h4&gt;
        &lt;p class=&quot;why-we_descr&quot;&gt;Lorem ipsum dolor sit amet, consectetur adipisicing elit. Rem aliquam tempora beatae, non, cupiditate cum dolorum eos modi sit facilis.&lt;/p&gt;
      &lt;/li&gt;
      &lt;li class=&quot;why-we_item&quot;&gt;
      &lt;i class=&quot;fa fa-line-chart&quot; aria-hidden=&quot;true&quot;&gt;&lt;/i&gt;
      &lt;div class=&quot;ornament&quot;&gt;&lt;/div&gt;
        &lt;h4 class=&quot;why-we_subheading&quot;&gt;БОЛЕЕ 15 ЛЕТ ОПЫТА&lt;/h4&gt;
        &lt;p class=&quot;why-we_descr&quot;&gt;Lorem ipsum dolor sit amet, consectetur adipisicing elit. Aliquid nesciunt non, laudantium quam! Distinctio sapiente, quidem in rem quisquam consequatur.&lt;/p&gt;
      &lt;/li&gt;
      &lt;li class=&quot;why-we_item&quot;&gt;
      &lt;i class=&quot;fa fa-handshake-o&quot; aria-hidden=&quot;true&quot;&gt;&lt;/i&gt;
      &lt;div class=&quot;ornament&quot;&gt;&lt;/div&gt;
        &lt;h4 class=&quot;why-we_subheading&quot;&gt;БОЛЕЕ 15 ЛЕТ ОПЫТА&lt;/h4&gt;
        &lt;p class=&quot;why-we_descr&quot;&gt;Lorem ipsum dolor sit amet, consectetur adipisicing elit. Voluptatem necessitatibus culpa dignissimos non inventore quidem, facilis, iste officiis odio nostrum!&lt;/p&gt;
      &lt;/li&gt;
    &lt;/ul&gt;
    &lt;/div&gt;
    &lt;/section&gt;]]></value></item><item><title><![CDATA[main-contacts]]></title><slug>main-contacts</slug><value><![CDATA[&lt;section class=&quot;contacts&quot;&gt;
&lt;div class=&quot;row flexible&quot;&gt;
&lt;div class=&quot;contacts_main&quot;&gt;
          &lt;h4 class=&quot;contacts_heading&quot;&gt;Контактные данные&lt;/h4&gt;
          &lt;ul class=&quot;contacts_list&quot;&gt;
            &lt;li class=&quot;contacts_item&quot;&gt;&lt;i class=&quot;fa fa-map-marker&quot; aria-hidden=&quot;true&quot;&gt;&lt;/i&gt;
            &lt;span&gt;г. Пермь, ул. Хлебозаводская, д. 3&lt;/span&gt;&lt;/li&gt;
            &lt;li class=&quot;contacts_item&quot;&gt;
            &lt;i class=&quot;fa fa-phone&quot; aria-hidden=&quot;true&quot;&gt;&lt;/i&gt;
            &lt;span&gt;+7 (499) 000-00-00&lt;/span&gt;&lt;/li&gt;
            &lt;li class=&quot;contacts_item&quot;&gt;
            &lt;i class=&quot;fa fa-envelope&quot; aria-hidden=&quot;true&quot;&gt;&lt;/i&gt;
            &lt;span&gt;info@remont.ru&lt;/span&gt;&lt;/li&gt;
          &lt;/ul&gt;
        &lt;/div&gt;]]></value></item><item><title><![CDATA[Sidebar]]></title><slug>sidebar</slug><value><![CDATA[&lt;h2&gt;GetSimple Features&lt;/h2&gt;
&lt;ul&gt; 
&lt;li&gt;XML based data storage&lt;/li&gt; 
&lt;li&gt;Best-in-Class User Interface&lt;/li&gt; 
&lt;li&gt;&#039;Undo&#039; protection &amp;amp; backups&lt;/li&gt; 
&lt;li&gt;Easy to theme&lt;/li&gt; 
&lt;li&gt;Great documentation&lt;/li&gt; 
&lt;li&gt;Growing community&lt;/li&gt; 
&lt;/ul&gt;
&lt;p&gt;This is your sidebar text. Please change me in &lt;em&gt;Theme -&gt; Edit Components&lt;/em&gt;&lt;/p&gt;
&lt;p&gt;&lt;a href=&quot;http://get-simple.info/download/&quot;&gt;Download the Latest GetSimple&lt;/a&gt;&lt;/p&gt;]]></value></item><item><title><![CDATA[Slider]]></title><slug>slider</slug><value><![CDATA[&lt;section class=&quot;index-slider&quot;&gt;
    &lt;div id=&quot;owl-one&quot; class=&quot;owl-carousel owl-theme&quot;&gt;
      &lt;div class=&quot;slide1&quot;&gt;
        &lt;div class=&quot;index-slider_slide-text&quot;&gt;
          &lt;h2 class=&quot;index-slider_slide-heading&quot;&gt;
            &lt;a href=&quot;#&quot;&gt;Lorem ipsum dolor sit amet, consectetur adipisicing.&lt;/a&gt;
          &lt;/h2&gt;
          &lt;p class=&quot;index-slider_slide-descr&quot;&gt;Lorem ipsum dolor sit amet, consectetur adipisicing elit. A est, quis quaerat quia asperiores dolor cumque accusamus consectetur officiis ut?&lt;/p&gt;
          &lt;a href=&quot;#&quot; class=&quot;index-slider_more-btn&quot;&gt;Подробнее&lt;/a&gt;
        &lt;/div&gt;
      &lt;/div&gt;
      &lt;div class=&quot;slide2&quot;&gt;
        &lt;div class=&quot;index-slider_slide-text&quot;&gt;
          &lt;h2 class=&quot;index-slider_slide-heading&quot;&gt;
            &lt;a href=&quot;#&quot;&gt;Lorem ipsum dolor sit amet, consectetur adipisicing&lt;/a&gt;
          &lt;/h2&gt;
          &lt;p class=&quot;index-slider_slide-descr&quot;&gt;Lorem ipsum dolor sit amet, consectetur adipisicing elit. Quos, ad! Lorem ipsum dolor sit amet, consectetur adipisicing elit. Doloribus, excepturi!&lt;/p&gt;
          &lt;a href=&quot;#&quot; class=&quot;index-slider_more-btn&quot;&gt;Подробнее&lt;/a&gt;
        &lt;/div&gt;
      &lt;/div&gt;
      &lt;div class=&quot;slide3&quot;&gt;
        &lt;div class=&quot;index-slider_slide-text&quot;&gt;
          &lt;h2 class=&quot;index-slider_slide-heading&quot;&gt;
            &lt;a href=&quot;#&quot;&gt;Lorem ipsum dolor sit amet, consectetur adipisicing&lt;/a&gt;
          &lt;/h2&gt;
          &lt;p class=&quot;index-slider_slide-descr&quot;&gt;Lorem ipsum dolor sit amet, consectetur adipisicing elit. Quos, ad! Lorem ipsum dolor sit amet, consectetur adipisicing elit. Doloribus, excepturi!&lt;/p&gt;
          &lt;a href=&quot;#&quot; class=&quot;index-slider_more-btn&quot;&gt;Подробнее&lt;/a&gt;
        &lt;/div&gt;
      &lt;/div&gt;
    &lt;/div&gt;
  &lt;/section&gt;]]></value></item><item><title><![CDATA[Tagline]]></title><slug>tagline</slug><value><![CDATA[]]></value></item><item><title><![CDATA[yandex-map]]></title><slug>yandex-map</slug><value><![CDATA[&lt;div class=&quot;contacts_map&quot;&gt;
          &lt;script type=&quot;text/javascript&quot; charset=&quot;utf-8&quot; async src=&quot;https://api-maps.yandex.ru/services/constructor/1.0/js/?um=constructor%3Aad7dcf2c9c976256334467e024f3a0115a3379732140ba48cca829b47387b23a&amp;amp;width=100%25&amp;amp;height=320&amp;amp;lang=ru_RU&amp;amp;scroll=true&quot;&gt;&lt;/script&gt;
        &lt;/div&gt;
&lt;/div&gt;
&lt;/section&gt;]]></value></item></channel>
