<?xml version="1.0" encoding="UTF-8"?>
<channel><item><pubDate><![CDATA[Wed, 12 Apr 2017 19:17:21 +0500]]></pubDate><title><![CDATA[О нас]]></title><url><![CDATA[about]]></url><meta><![CDATA[]]></meta><metad><![CDATA[]]></metad><menu><![CDATA[О компании]]></menu><menuOrder><![CDATA[1]]></menuOrder><menuStatus><![CDATA[Y]]></menuStatus><template><![CDATA[template.php]]></template><parent><![CDATA[index]]></parent><private><![CDATA[]]></private><author><![CDATA[sponom]]></author><slug><![CDATA[about]]></slug><filename><![CDATA[about.xml]]></filename></item><item><pubDate><![CDATA[Wed, 12 Apr 2017 20:49:37 +0500]]></pubDate><title><![CDATA[Строительство домов и бань]]></title><url><![CDATA[building]]></url><meta><![CDATA[]]></meta><metad><![CDATA[]]></metad><menu><![CDATA[]]></menu><menuOrder><![CDATA[0]]></menuOrder><menuStatus><![CDATA[]]></menuStatus><template><![CDATA[template.php]]></template><parent><![CDATA[services]]></parent><private><![CDATA[]]></private><author><![CDATA[sponom]]></author><slug><![CDATA[building]]></slug><filename><![CDATA[building.xml]]></filename></item><item><pubDate><![CDATA[Wed, 12 Apr 2017 19:16:38 +0500]]></pubDate><title><![CDATA[Контакты]]></title><url><![CDATA[contacts]]></url><meta><![CDATA[]]></meta><metad><![CDATA[]]></metad><menu><![CDATA[Контакты]]></menu><menuOrder><![CDATA[5]]></menuOrder><menuStatus><![CDATA[Y]]></menuStatus><template><![CDATA[template.php]]></template><parent><![CDATA[index]]></parent><private><![CDATA[]]></private><author><![CDATA[sponom]]></author><slug><![CDATA[contacts]]></slug><filename><![CDATA[contacts.xml]]></filename></item><item><pubDate><![CDATA[Wed, 12 Apr 2017 19:17:37 +0500]]></pubDate><title><![CDATA[Полезные статьи]]></title><url><![CDATA[good-info]]></url><meta><![CDATA[]]></meta><metad><![CDATA[]]></metad><menu><![CDATA[Полезное]]></menu><menuOrder><![CDATA[3]]></menuOrder><menuStatus><![CDATA[Y]]></menuStatus><template><![CDATA[template.php]]></template><parent><![CDATA[index]]></parent><private><![CDATA[]]></private><author><![CDATA[sponom]]></author><slug><![CDATA[good-info]]></slug><filename><![CDATA[good-info.xml]]></filename></item><item><pubDate><![CDATA[Sat, 08 Apr 2017 21:46:33 +0500]]></pubDate><title><![CDATA[Главная]]></title><url><![CDATA[index]]></url><meta><![CDATA[]]></meta><metad><![CDATA[]]></metad><menu><![CDATA[Home]]></menu><menuOrder><![CDATA[1]]></menuOrder><menuStatus><![CDATA[]]></menuStatus><template><![CDATA[template.php]]></template><parent><![CDATA[]]></parent><private><![CDATA[]]></private><author><![CDATA[sponom]]></author><slug><![CDATA[index]]></slug><filename><![CDATA[index.xml]]></filename></item><item><pubDate><![CDATA[Wed, 12 Apr 2017 19:17:11 +0500]]></pubDate><title><![CDATA[Новости]]></title><url><![CDATA[news]]></url><meta><![CDATA[]]></meta><metad><![CDATA[]]></metad><menu><![CDATA[Новости]]></menu><menuOrder><![CDATA[4]]></menuOrder><menuStatus><![CDATA[Y]]></menuStatus><template><![CDATA[template.php]]></template><parent><![CDATA[index]]></parent><private><![CDATA[]]></private><author><![CDATA[sponom]]></author><slug><![CDATA[news]]></slug><filename><![CDATA[news.xml]]></filename></item><item><pubDate><![CDATA[Wed, 12 Apr 2017 19:17:00 +0500]]></pubDate><title><![CDATA[Наши услуги]]></title><url><![CDATA[services]]></url><meta><![CDATA[]]></meta><metad><![CDATA[]]></metad><menu><![CDATA[Услуги]]></menu><menuOrder><![CDATA[2]]></menuOrder><menuStatus><![CDATA[Y]]></menuStatus><template><![CDATA[template.php]]></template><parent><![CDATA[index]]></parent><private><![CDATA[]]></private><author><![CDATA[sponom]]></author><slug><![CDATA[services]]></slug><filename><![CDATA[services.xml]]></filename></item></channel>
