<?xml version="1.0" encoding="UTF-8"?>
<item><pubDate>Sat, 08 Apr 2017 21:56:19 +0500</pubDate><title><![CDATA[О нас]]></title><url><![CDATA[about]]></url><meta><![CDATA[]]></meta><metad><![CDATA[]]></metad><menu><![CDATA[О компании]]></menu><menuOrder><![CDATA[1]]></menuOrder><menuStatus><![CDATA[Y]]></menuStatus><template><![CDATA[template.php]]></template><parent><![CDATA[]]></parent><content><![CDATA[]]></content><private><![CDATA[]]></private><author><![CDATA[sponom]]></author></item>
