<?xml version="1.0" encoding="UTF-8"?>
<item><pubDate>Mon, 10 Apr 2017 21:24:21 +0500</pubDate><title><![CDATA[Новости]]></title><url><![CDATA[news]]></url><meta><![CDATA[]]></meta><metad><![CDATA[]]></metad><menu><![CDATA[Новости]]></menu><menuOrder><![CDATA[4]]></menuOrder><menuStatus><![CDATA[Y]]></menuStatus><template><![CDATA[template.php]]></template><parent><![CDATA[]]></parent><content><![CDATA[]]></content><private><![CDATA[]]></private><author><![CDATA[sponom]]></author></item>
