<?xml version="1.0" encoding="UTF-8"?>
<item><pubDate>Mon, 10 Apr 2017 21:22:42 +0500</pubDate><title><![CDATA[Наши услуги]]></title><url><![CDATA[services]]></url><meta><![CDATA[]]></meta><metad><![CDATA[]]></metad><menu><![CDATA[Услуги]]></menu><menuOrder><![CDATA[2]]></menuOrder><menuStatus><![CDATA[Y]]></menuStatus><template><![CDATA[template.php]]></template><parent><![CDATA[]]></parent><content><![CDATA[]]></content><private><![CDATA[]]></private><author><![CDATA[sponom]]></author></item>
